,starting_capacity,choice_delay_phc,choice_delay_ss,demand_served_phc,demand_served_ss,total_delay_phc,total_delay_ss,bad_experience_phc,bad_experience_ss
0,50,-1,397,0,0,0,413,0,0
1,50,0,-1,1,0,1,0,0,0
2,49,0,-1,1,0,2,0,0,0
3,48,32,-1,0,0,35,0,0,0
4,48,-1,0,0,0,0,21,0,0
5,48,0,-1,1,0,5,0,0,0
6,47,-1,107,0,0,0,133,0,0
7,47,-1,124,0,0,0,133,0,0
8,47,79,-1,0,0,87,0,0,0
9,47,0,-1,1,0,9,0,0,0
10,46,-1,16,0,0,0,49,0,0
11,46,-1,-1,0,0,0,0,0,0
12,46,-1,-1,0,0,0,0,0,0
13,46,-1,0,0,0,0,21,0,0
14,46,-1,2,0,0,0,21,0,0
15,46,-1,40,0,0,0,77,0,0
16,46,-1,2,0,0,0,21,0,0
17,46,-1,1,0,0,0,21,0,0
18,46,-1,0,0,0,0,21,0,0
19,46,-1,7,0,0,0,49,0,0
20,46,-1,0,0,0,0,21,0,0
21,46,6,-1,0,7,27,0,0,0
22,39,1,-1,0,0,23,0,0,0
23,39,4,-1,1,0,27,0,0,0
24,38,-1,528,0,0,0,0,0,1
25,38,15,-1,0,0,40,0,0,0
26,38,44,-1,0,0,70,0,0,0
27,38,0,-1,3,0,27,0,0,0
28,35,9,-1,0,0,37,0,0,0
29,35,0,-1,1,0,29,0,0,0
30,34,43,-1,0,0,73,0,0,0
31,34,-1,358,0,0,0,413,0,0
32,34,15,-1,0,0,47,0,0,0
33,34,37,-1,0,0,70,0,0,0
34,34,10,-1,0,0,44,0,0,0
35,34,-1,24,1,0,0,77,0,0
36,33,-1,4,0,0,0,49,0,0
37,33,1,-1,1,0,38,0,0,0
38,32,-1,0,1,0,0,49,0,0
39,31,2,-1,0,0,41,0,0,0
40,50,0,-1,2,0,40,0,0,0
41,48,-1,109,1,0,0,161,0,0
42,47,-1,-1,0,0,0,0,0,0
43,47,-1,1,0,0,0,49,0,0
44,47,-1,13,1,0,0,77,0,0
45,46,-1,13,0,0,0,77,0,0
46,46,-1,3,0,0,0,49,0,0
47,46,-1,4,1,0,0,77,0,0
48,45,-1,33,0,0,0,105,0,0
49,45,5,-1,0,6,54,0,0,0
50,39,9,-1,0,0,59,0,0,0
51,39,4,-1,0,0,55,0,0,0
52,39,5,-1,0,0,57,0,0,0
53,39,-1,16,0,0,0,77,0,0
54,39,50,-1,1,0,104,0,0,0
55,38,4,-1,1,0,59,0,0,0
56,37,0,-1,1,0,56,0,0,0
57,36,8,-1,1,0,65,0,0,0
58,35,-1,0,0,0,0,77,0,0
59,35,99,-1,2,0,158,0,0,0
60,33,2,-1,0,0,62,0,0,0
61,33,-1,31,0,0,0,105,0,0
62,33,-1,-1,1,0,0,0,0,0
63,32,-1,4,0,0,0,77,0,0
64,32,1,-1,0,0,65,0,0,0
65,32,73,-1,2,0,138,0,0,0
66,30,-1,52,0,0,0,133,0,0
67,30,-1,5,0,0,0,77,0,0
68,30,-1,1,0,0,0,77,0,0
69,30,-1,15,0,0,0,105,0,0
70,30,-1,2,2,0,0,77,0,0
71,28,-1,39,0,0,0,133,0,0
72,28,-1,9,0,0,0,105,0,0
73,28,-1,0,1,0,0,77,0,0
74,27,52,-1,0,0,126,0,0,0
75,27,-1,0,0,0,0,77,0,0
76,27,-1,1,0,0,0,77,0,0
77,27,13,-1,0,14,90,0,0,0
78,13,4,-1,0,0,82,0,0,0
79,13,1,-1,0,0,80,0,0,0
80,50,0,-1,2,0,80,0,0,0
81,48,46,-1,0,0,127,0,0,0
82,48,3,-1,1,0,85,0,0,0
83,47,-1,9,0,0,0,105,0,0
84,47,10,-1,0,0,94,0,0,0
85,47,-1,0,1,0,0,105,0,0
86,46,30,-1,0,0,116,0,0,0
87,46,67,-1,1,0,154,0,0,0
88,45,129,-1,0,0,217,0,0,0
89,45,-1,0,0,0,0,105,0,0
90,45,55,-1,1,0,145,0,0,0
91,44,-1,0,0,0,0,105,0,0
92,44,4,-1,0,0,96,0,0,0
93,44,-1,1,0,0,0,105,0,0
94,44,-1,4,1,0,0,105,0,0
95,43,-1,1,0,0,0,105,0,0
96,43,2,-1,1,0,98,0,0,0
97,42,-1,-1,0,0,0,0,0,0
98,42,0,-1,2,0,98,0,0,0
99,40,-1,0,0,0,0,105,0,0
100,40,-1,0,0,0,0,105,0,0
101,40,20,-1,0,0,121,0,0,0
102,40,-1,0,0,0,0,105,0,0
103,40,-1,0,0,0,0,105,0,0
104,40,-1,11,1,0,0,133,0,0
105,39,41,-1,0,15,146,0,0,0
106,24,-1,26,0,0,0,133,0,0
107,24,-1,49,0,0,0,161,0,0
108,24,-1,8,0,0,0,133,0,0
109,24,-1,-1,0,0,0,0,0,0
110,24,0,-1,1,0,110,0,0,0
111,23,-1,15,0,0,0,133,0,0
112,23,123,-1,0,0,235,0,0,0
113,23,-1,6,0,0,0,133,0,0
114,23,-1,-1,0,0,0,0,0,0
115,23,6,-1,0,0,121,0,0,0
116,23,161,-1,1,0,277,0,0,0
117,22,-1,58,0,0,268,0,0,1
118,22,43,-1,0,0,161,0,0,0
119,22,0,-1,1,0,119,0,0,0
120,50,-1,-1,0,0,0,0,0,0
121,50,3,-1,2,0,124,0,0,0
122,48,-1,254,0,0,0,0,0,1
123,48,3,-1,0,0,126,0,0,0
124,48,-1,1,1,0,0,133,0,0
125,47,-1,0,0,0,0,133,0,0
126,47,-1,0,2,0,0,133,0,0
127,45,-1,0,1,0,0,133,0,0
128,44,-1,0,0,0,0,133,0,0
129,44,-1,0,0,0,0,133,0,0
130,44,-1,0,0,0,0,133,0,0
131,44,-1,0,0,0,0,133,0,0
132,44,-1,2,0,0,0,161,0,0
133,44,69,-1,0,17,202,0,0,0
134,27,12,-1,0,0,146,0,0,0
135,27,8,-1,0,0,143,0,0,0
136,27,67,-1,0,0,203,0,0,0
137,27,47,-1,0,0,201,0,1,0
138,27,1,-1,1,0,139,0,0,0
139,26,50,-1,1,0,356,0,1,0
140,25,2,-1,0,0,142,0,0,0
141,25,42,-1,0,0,0,273,1,0
142,25,64,-1,1,0,206,0,0,0
143,24,-1,370,1,0,0,525,0,0
144,23,11,-1,0,0,155,0,0,0
145,23,0,-1,2,0,145,0,0,0
146,21,0,-1,3,0,146,0,0,0
147,18,-1,445,0,0,0,609,0,0
148,18,-1,0,0,0,0,161,0,0
149,18,-1,3,0,0,0,161,0,0
150,18,-1,0,0,0,0,161,0,0
151,18,-1,0,0,0,0,161,0,0
152,18,27,-1,0,0,0,0,1,0
153,18,114,-1,0,0,267,0,0,0
154,18,-1,-1,1,0,0,0,0,0
155,17,-1,-1,1,0,0,0,0,0
156,16,-1,1,0,0,0,161,0,0
157,16,-1,0,0,0,0,161,0,0
158,16,1,-1,1,0,159,0,0,0
159,15,-1,1,1,0,0,161,0,0
160,14,-1,0,0,0,0,161,0,0
161,14,13,-1,1,11,294,0,1,0
162,2,90,-1,0,0,252,0,0,0
163,2,-1,87,0,0,0,273,0,0
164,2,1,-1,0,0,165,0,0,0
165,2,22,-1,1,0,0,245,1,0
166,1,8,-1,0,0,215,0,1,0
167,1,-1,1,0,0,0,217,1,1
168,1,1,-1,0,0,169,0,0,0
169,1,4,-1,1,0,233,0,1,1
170,0,1,-1,0,0,200,0,1,0
171,0,2,-1,0,0,218,0,1,0
172,0,-1,10,0,0,0,217,0,1
173,0,-1,6,0,0,0,301,1,1
174,0,254,-1,0,0,428,0,0,0
175,0,2,-1,0,0,211,0,1,0
176,0,1,-1,0,0,0,217,1,1
177,0,-1,9,0,0,0,217,0,1
178,0,-1,20,0,0,0,217,0,0
179,0,83,-1,0,0,262,0,0,0
180,0,-1,2,0,0,0,217,0,1
181,0,-1,8,0,0,0,301,0,1
182,0,-1,1,0,0,0,245,1,1
183,0,-1,1,0,0,0,217,0,1
184,0,1,-1,0,0,0,217,1,1
185,0,-1,1,0,0,0,217,0,1
186,0,-1,7,0,0,0,217,0,0
187,0,-1,-1,0,0,0,0,0,0
188,0,-1,0,0,0,0,217,1,1
189,0,0,-1,0,0,241,0,1,0
190,0,4,-1,0,0,203,0,1,0
191,0,0,-1,0,0,201,0,1,0
192,0,0,-1,0,0,203,0,1,0
193,0,3,-1,0,0,201,0,1,0
194,0,10,-1,0,0,204,0,0,0
195,0,10,-1,0,0,205,0,0,0
196,0,36,-1,0,0,232,0,0,0
197,0,-1,500,0,0,0,721,0,0
198,0,21,-1,0,0,219,0,0,0
199,0,-1,198,0,0,0,413,0,0
200,50,64,-1,1,0,264,0,0,0
201,49,-1,4,3,0,0,217,0,0
202,46,-1,8,1,0,0,217,0,0
203,45,-1,-1,3,0,0,0,0,0
204,42,-1,3,1,0,0,217,0,0
205,41,120,-1,1,0,325,0,0,0
206,40,-1,-1,1,0,0,0,0,0
207,39,65,-1,0,0,272,0,0,0
208,39,-1,0,0,0,0,217,0,0
209,39,-1,0,0,0,0,217,0,0
210,39,126,-1,0,0,336,0,0,0
211,39,20,-1,1,0,231,0,0,0
212,38,-1,9,0,0,0,245,0,0
213,38,-1,2,0,0,0,217,0,0
214,38,-1,4,0,0,0,245,0,0
215,38,-1,0,1,0,0,217,0,0
216,37,-1,0,0,0,0,217,0,0
217,37,-1,2,1,19,0,245,0,0
218,17,1,-1,1,0,219,0,0,0
219,16,-1,-1,2,0,0,0,0,0
220,14,0,-1,1,0,220,0,0,0
221,13,0,-1,1,0,221,0,0,0
222,12,6,-1,0,0,228,0,0,0
223,12,79,-1,0,0,302,0,0,0
224,12,3,-1,0,0,227,0,0,0
225,12,-1,112,0,0,0,357,0,0
226,12,0,-1,1,0,226,0,0,0
227,11,4,-1,1,0,231,0,0,0
228,10,93,-1,1,0,321,0,0,0
229,9,-1,235,0,0,0,469,0,0
230,9,-1,6,0,0,0,245,0,0
231,9,7,-1,2,0,238,0,0,0
232,7,-1,0,1,0,0,245,0,0
233,6,-1,44,1,0,0,301,0,0
234,5,1,-1,0,0,235,0,0,0
235,5,-1,1,2,0,0,245,0,0
236,3,-1,2,0,0,0,245,0,0
237,3,-1,29,0,0,0,273,0,0
238,3,-1,1,1,0,0,245,0,0
239,2,-1,0,0,0,0,245,0,0
240,50,-1,1,0,0,0,245,0,0
241,50,-1,1,1,0,0,245,0,0
242,49,-1,18,0,0,0,273,0,0
243,49,26,-1,0,0,269,0,0,0
244,49,-1,0,0,0,0,245,0,0
245,49,17,-1,0,14,262,0,0,0
246,35,424,-1,0,0,670,0,0,0
247,35,0,-1,1,0,247,0,0,0
248,34,-1,-1,0,0,0,0,0,0
249,34,-1,393,0,0,0,665,0,0
250,34,8,-1,0,0,258,0,0,0
251,34,158,-1,0,0,409,0,0,0
252,34,-1,-1,1,0,0,0,0,0
253,33,2,-1,0,0,255,0,0,0
254,33,14,-1,0,0,268,0,0,0
255,33,5,-1,1,0,260,0,0,0
256,32,48,-1,0,0,304,0,0,0
257,32,1,-1,0,0,258,0,0,0
258,32,-1,186,2,0,0,469,0,0
259,30,-1,1,0,0,0,273,0,0
260,30,10,-1,1,0,270,0,0,0
261,29,0,-1,1,0,261,0,0,0
262,28,-1,3,2,0,0,273,0,0
263,26,-1,0,0,0,0,273,0,0
264,26,-1,-1,1,0,0,0,0,0
265,25,0,-1,1,0,265,0,0,0
266,24,-1,1,0,0,0,273,0,0
267,24,4,-1,1,0,271,0,0,0
268,23,0,-1,3,0,268,0,0,0
269,20,-1,102,1,0,0,469,0,1
270,19,11,-1,1,0,281,0,0,0
271,18,-1,0,1,0,0,273,0,0
272,17,-1,-1,1,0,0,0,0,0
273,16,4,-1,0,9,277,0,0,0
274,7,8,-1,0,0,282,0,0,0
275,7,11,-1,0,0,286,0,0,0
276,7,17,-1,0,0,293,0,0,0
277,7,-1,-1,2,0,0,0,0,0
278,5,205,-1,0,0,0,665,1,0
279,5,-1,27,0,0,0,329,0,0
280,50,18,-1,0,0,298,0,0,0
281,50,0,-1,2,0,281,0,0,0
282,48,-1,6,1,0,0,301,0,0
283,47,-1,330,0,0,0,637,0,0
284,47,2,-1,0,0,286,0,0,0
285,47,14,-1,0,0,299,0,0,0
286,47,25,-1,2,0,311,0,0,0
287,45,2,-1,0,0,289,0,0,0
288,45,-1,-1,0,0,0,0,0,0
289,45,11,-1,1,0,300,0,0,0
290,44,-1,1,0,0,0,301,0,0
291,44,-1,2,0,0,0,301,0,0
292,44,-1,8,0,0,0,301,0,0
293,44,-1,1,1,0,0,301,0,0
294,43,11,-1,1,0,305,0,0,0
295,42,-1,-1,0,0,0,0,0,0
296,42,-1,0,0,0,0,301,0,0
297,42,-1,24,0,0,0,329,0,0
298,42,-1,2,1,0,0,301,0,0
299,41,-1,0,1,0,0,301,0,0
300,40,-1,0,1,0,0,301,0,0
301,39,4,-1,0,12,305,0,0,0
302,27,409,-1,1,0,711,0,0,0
303,26,-1,58,0,0,0,469,0,1
304,26,100,-1,1,0,404,0,0,0
305,25,10,-1,2,0,315,0,0,0
306,23,-1,116,0,0,0,441,0,0
307,23,-1,178,0,0,0,0,0,1
308,23,16,-1,0,0,324,0,0,0
309,23,25,-1,0,0,334,0,0,0
310,23,-1,0,0,0,0,329,0,0
311,23,-1,13,1,0,0,329,0,0
312,22,2,-1,0,0,314,0,0,0
313,22,9,-1,0,0,322,0,0,0
314,22,-1,2,1,0,0,329,0,0
315,21,-1,2,1,0,0,329,0,0
316,20,0,-1,1,0,316,0,0,0
317,19,53,-1,0,0,370,0,0,0
318,19,0,-1,1,0,318,0,0,0
319,18,1,-1,0,0,320,0,0,0
320,50,-1,3,1,0,0,329,0,0
321,49,-1,0,1,0,0,329,0,0
322,48,-1,74,1,0,0,413,0,0
323,47,-1,0,0,0,0,329,0,0
324,47,-1,1,1,0,0,329,0,0
325,46,-1,0,1,0,0,329,0,0
326,45,20,-1,0,0,346,0,0,0
327,45,-1,1,0,0,0,329,0,0
328,45,-1,0,0,0,0,329,0,0
329,45,3,-1,0,13,332,0,0,0
330,32,4,-1,0,0,334,0,0,0
331,32,-1,-1,0,0,0,0,0,0
332,32,22,-1,1,0,354,0,0,0
333,31,1,-1,0,0,334,0,0,0
334,31,-1,3,3,0,0,357,0,0
335,28,-1,44,0,0,0,441,0,1
336,28,0,-1,2,0,336,0,0,0
337,26,124,-1,0,0,461,0,0,0
338,26,-1,-1,0,0,0,0,0,0
339,26,-1,42,0,0,0,637,0,1
340,26,2,-1,0,0,342,0,0,0
341,26,4,-1,0,0,345,0,0,0
342,26,-1,43,1,0,0,413,0,1
343,25,-1,0,0,0,0,357,0,0
344,25,4,-1,0,0,348,0,0,0
345,25,3,-1,1,0,348,0,0,0
346,24,-1,42,1,0,0,413,0,0
347,23,-1,6,0,0,0,357,0,0
348,23,24,-1,2,0,372,0,0,0
349,21,-1,0,0,0,0,357,0,0
350,21,-1,0,0,0,0,357,0,0
351,21,3,-1,0,0,354,0,0,0
352,21,-1,0,0,0,0,357,0,0
353,21,-1,1,0,0,0,357,0,0
354,21,-1,3,2,0,0,357,0,0
355,19,-1,9,0,0,0,441,0,1
356,19,-1,0,1,0,0,357,0,0
357,18,27,-1,0,10,384,0,0,0
358,8,12,-1,0,0,370,0,0,0
359,8,3,-1,0,0,362,0,0,0
360,8,6,-1,0,0,366,0,0,0
361,8,78,-1,0,0,0,0,1,0
362,8,102,-1,1,0,464,0,0,0
363,7,22,-1,0,0,400,0,1,0
364,7,-1,0,0,0,0,413,1,1
365,7,-1,-1,0,0,0,0,0,0
366,7,-1,-1,1,0,0,0,0,0
367,6,-1,6,0,0,0,413,0,1
368,6,-1,11,0,0,0,525,1,1
369,6,-1,20,0,0,0,413,0,0
370,6,155,-1,2,0,525,0,0,0
371,4,-1,2,0,0,0,413,0,1
372,4,-1,200,1,0,0,581,0,0
373,3,0,-1,1,0,373,0,0,0
374,2,-1,11,0,0,0,413,0,1
375,2,-1,1,0,0,0,413,0,1
376,2,48,-1,0,0,424,0,0,0
377,2,1,-1,0,0,378,0,0,0
378,2,-1,3,1,0,0,413,0,1
379,1,-1,10,0,0,0,413,0,0
380,1,5,-1,0,0,402,0,1,0
381,1,250,-1,0,0,631,0,0,0
382,1,13,-1,0,0,0,413,1,0
383,1,-1,2,0,0,0,413,0,1
384,1,-1,1,1,0,0,413,0,1
385,0,-1,246,0,0,0,637,0,0
386,0,1,-1,0,0,404,0,1,0
387,0,3,-1,0,0,0,413,1,0
388,0,176,-1,0,0,564,0,0,0
389,0,-1,33,0,0,0,441,0,0
390,0,-1,0,0,0,0,413,0,0
391,0,99,-1,0,0,0,0,1,0
392,0,0,-1,0,0,0,413,1,0
393,0,1,-1,0,0,0,413,1,0
394,0,1,-1,0,0,0,413,1,0
395,0,1,-1,0,0,0,413,1,0
396,0,-1,16,0,0,0,413,0,0
397,0,286,-1,0,0,683,0,0,0
398,0,1,-1,0,0,400,0,1,0
399,0,3,-1,0,0,402,0,0,0
400,50,-1,9,2,0,0,413,0,0
401,48,-1,-1,0,0,0,0,0,0
402,48,-1,2,2,0,0,413,0,0
403,46,-1,21,0,0,0,441,0,0
404,46,-1,0,2,0,0,413,0,0
405,44,-1,8,0,0,0,413,0,0
406,44,16,-1,0,0,422,0,0,0
407,44,-1,0,0,0,0,413,0,0
408,44,-1,7,0,0,0,441,0,0
409,44,-1,0,1,0,0,413,0,0
410,43,-1,0,0,0,0,413,0,0
411,43,-1,25,0,0,0,441,0,0
412,43,-1,4,0,0,0,441,0,0
413,43,26,-1,0,31,439,0,0,0
414,12,109,-1,0,0,523,0,0,0
415,12,-1,-1,0,0,0,0,0,0
416,12,0,-1,1,0,416,0,0,0
417,11,-1,44,0,0,0,469,0,0
418,11,43,-1,0,0,461,0,0,0
419,11,59,-1,0,0,478,0,0,0
420,11,10,-1,0,0,430,0,0,0
421,11,28,-1,0,0,449,0,0,0
422,11,38,-1,1,0,460,0,0,0
423,10,3,-1,0,0,426,0,0,0
424,10,-1,14,1,0,0,441,0,0
425,9,264,-1,0,0,689,0,0,0
426,9,-1,3,1,0,0,441,0,0
427,8,13,-1,0,0,440,0,0,0
428,8,-1,-1,1,0,0,0,0,0
429,7,8,-1,0,0,437,0,0,0
430,7,3,-1,1,0,433,0,0,0
431,6,9,-1,0,0,440,0,0,0
432,6,4,-1,0,0,436,0,0,0
433,6,0,-1,2,0,433,0,0,0
434,4,1,-1,0,0,435,0,0,0
435,4,-1,0,1,0,0,441,0,0
436,3,-1,0,1,0,0,441,0,0
437,2,-1,1,1,0,0,441,0,0
438,1,-1,1,0,0,0,441,0,0
439,1,-1,5,1,0,0,469,0,0
440,50,-1,0,2,0,0,441,0,0
441,48,11,-1,0,15,452,0,0,0
442,33,9,-1,0,0,451,0,0,0
443,33,41,-1,0,0,542,0,1,0
444,33,34,-1,0,0,552,0,1,0
445,33,0,-1,1,0,445,0,0,0
446,32,6,-1,0,0,452,0,0,0
447,32,48,-1,0,0,0,0,1,0
448,32,43,-1,0,0,0,0,1,0
449,32,-1,92,1,0,0,637,0,1
450,31,16,-1,0,0,466,0,0,0
451,31,-1,1,1,0,0,469,0,0
452,30,0,-1,3,0,452,0,0,0
453,27,11,-1,0,0,464,0,0,0
454,27,-1,1,0,0,0,469,0,0
455,27,-1,-1,0,0,0,0,0,0
456,27,4,-1,0,0,460,0,0,0
457,27,-1,3,0,0,0,469,0,0
458,27,1,-1,0,0,459,0,0,0
459,27,0,-1,2,0,459,0,0,0
460,25,-1,0,2,0,0,469,0,0
461,23,-1,5,2,0,0,469,0,0
462,21,-1,0,0,0,0,469,0,0
463,21,0,-1,1,0,463,0,0,0
464,20,-1,127,2,0,0,609,0,0
465,18,1,-1,0,0,466,0,0,0
466,18,-1,1,2,0,0,469,0,0
467,16,-1,1,0,0,0,469,0,0
468,16,-1,34,0,0,0,525,0,0
469,16,80,-1,0,14,549,0,0,0
470,2,16,-1,0,0,539,0,1,0
471,2,-1,-1,0,0,0,0,0,0
472,2,-1,-1,0,0,0,0,0,0
473,2,0,-1,1,0,473,0,0,0
474,1,51,-1,0,0,525,0,0,0
475,1,14,-1,0,0,0,553,1,0
476,1,2,-1,0,0,0,525,1,0
477,1,243,-1,0,0,720,0,0,0
478,1,-1,-1,1,0,0,0,0,0
479,0,17,-1,0,0,0,637,1,0
480,0,-1,-1,0,0,0,0,0,0
481,0,4,-1,0,0,0,525,1,0
482,0,41,-1,0,0,523,0,0,0
483,0,0,-1,0,0,520,0,1,1
484,0,-1,5,0,0,0,581,0,1
485,0,-1,19,0,0,0,525,0,0
486,0,0,-1,0,0,520,0,1,0
487,0,-1,0,0,0,0,525,0,1
488,0,8,-1,0,0,529,0,1,0
489,0,-1,5,0,0,0,525,0,1
490,0,-1,13,0,0,0,525,0,0
491,0,0,-1,0,0,0,525,1,0
492,0,-1,3,0,0,0,525,0,1
493,0,-1,4,0,0,0,525,0,1
494,0,-1,0,0,0,0,525,0,1
495,0,-1,3,0,0,0,525,0,0
496,0,7,-1,0,0,535,0,1,0
497,0,-1,68,0,0,0,581,0,0
498,0,25,-1,0,0,523,0,0,0
499,0,69,-1,0,0,568,0,0,0
500,0,113,-1,0,0,613,0,0,0
501,0,-1,9,0,0,0,525,0,0
502,0,-1,-1,0,0,0,0,0,0
503,0,26,-1,0,0,529,0,0,0
504,0,4,-1,0,0,523,0,1,0
505,0,-1,7,0,0,0,525,0,0
506,0,8,-1,0,0,603,0,1,0
507,0,0,-1,0,0,0,525,1,0
508,0,-1,97,0,0,0,609,0,0
509,0,-1,31,0,0,0,581,0,1
510,0,-1,1,0,0,0,525,0,0
511,0,93,-1,0,0,604,0,0,0
512,0,4,-1,0,0,0,0,1,0
513,0,-1,12,0,0,0,525,0,0
514,0,0,-1,0,0,0,525,1,0
515,0,-1,160,0,0,0,693,0,0
516,0,0,-1,0,0,0,525,1,0
517,0,7,-1,0,0,524,0,0,0
518,0,-1,0,0,0,0,525,0,0
519,0,-1,19,0,0,560,0,0,1
520,50,-1,22,2,0,0,0,0,1
521,48,-1,80,0,0,0,609,0,0
522,48,-1,88,0,0,0,637,0,0
523,48,-1,8,4,0,0,553,0,0
524,44,-1,146,1,0,0,693,0,0
525,43,0,-1,3,22,525,0,0,0
526,18,2,-1,0,0,528,0,0,0
527,18,0,-1,1,0,527,0,0,0
528,17,54,-1,1,0,582,0,0,0
529,16,89,-1,2,0,618,0,0,0
530,14,-1,-1,0,0,0,0,0,0
531,14,-1,-1,0,0,0,0,0,0
532,14,-1,-1,0,0,0,0,0,0
533,14,-1,-1,0,0,0,0,0,0
534,14,3,-1,0,0,537,0,0,0
535,14,1,-1,1,0,536,0,0,0
536,13,8,-1,1,0,544,0,0,0
537,12,-1,0,1,0,0,581,0,1
538,11,16,-1,0,0,0,637,1,0
539,11,14,-1,1,0,562,0,1,0
540,10,-1,112,0,0,0,665,0,0
541,10,-1,3,0,0,0,581,0,1
542,10,1,-1,1,0,543,0,0,0
543,9,0,-1,2,0,543,0,0,0
544,7,-1,22,1,0,0,581,0,0
545,6,10,-1,0,0,0,0,1,0
546,6,-1,2,0,0,0,581,0,1
547,6,0,-1,1,0,547,0,0,0
548,5,-1,8,0,0,0,581,0,0
549,5,-1,2,1,0,560,0,0,1
550,4,0,-1,1,0,550,0,0,0
551,3,-1,4,0,0,0,581,0,0
552,3,-1,9,1,0,0,581,0,0
553,2,0,-1,2,2,560,0,1,0
554,0,12,-1,0,0,566,0,0,0
555,0,-1,-1,0,0,0,0,0,0
556,0,4,-1,0,0,560,0,0,0
557,0,-1,9,0,0,0,581,0,0
558,0,-1,2,0,0,0,581,0,0
559,0,3,-1,0,0,562,0,0,0
560,50,-1,0,4,0,0,581,0,0
561,46,8,-1,0,0,569,0,0,0
562,46,92,-1,2,0,654,0,0,0
563,44,-1,17,0,0,0,581,0,0
564,44,-1,8,1,0,0,581,0,0
565,43,1,-1,0,0,566,0,0,0
566,43,0,-1,3,0,566,0,0,0
567,40,-1,22,0,0,0,609,0,0
568,40,-1,9,1,0,0,581,0,0
569,39,-1,-1,1,0,0,0,0,0
570,38,3,-1,0,0,573,0,0,0
571,38,-1,25,0,0,0,609,0,0
572,38,0,-1,1,0,572,0,0,0
573,37,-1,38,1,0,0,637,0,0
574,36,9,-1,0,0,583,0,0,0
575,36,24,-1,0,0,599,0,0,0
576,36,-1,38,0,0,0,637,0,0
577,36,-1,0,0,0,0,581,0,0
578,36,-1,2,0,0,0,581,0,0
579,36,0,-1,1,0,579,0,0,0
580,35,-1,0,0,0,0,581,0,0
581,35,0,-1,1,20,581,0,0,0
582,14,-1,0,1,0,0,609,0,0
583,13,-1,-1,1,0,0,0,0,0
584,12,3,-1,0,0,587,0,0,0
585,12,25,-1,0,0,610,0,0,0
586,12,15,-1,0,0,601,0,0,0
587,12,1,-1,1,0,588,0,0,0
588,11,0,-1,2,0,588,0,0,0
589,9,75,-1,0,0,664,0,0,0
590,9,3,-1,0,0,593,0,0,0
591,9,-1,61,0,0,0,665,0,0
592,9,-1,2,0,0,0,609,0,0
593,9,1,-1,1,0,594,0,0,0
594,8,-1,78,1,0,0,693,0,0
595,7,5,-1,0,0,600,0,0,0
596,7,-1,0,0,0,0,609,0,0
597,7,5,-1,0,0,602,0,0,0
598,7,-1,2,0,0,0,609,0,0
599,7,-1,0,1,0,0,609,0,0
600,50,4,-1,1,0,604,0,0,0
601,49,0,-1,2,0,601,0,0,0
602,47,-1,-1,1,0,0,0,0,0
603,46,-1,21,1,0,0,637,0,0
604,45,-1,33,2,0,0,637,0,0
605,43,-1,26,0,0,0,637,0,0
606,43,-1,0,0,0,0,609,0,0
607,43,-1,0,0,0,0,609,0,0
608,43,-1,4,0,0,0,637,0,0
609,43,-1,-1,0,13,0,0,0,0
610,30,-1,-1,1,0,0,0,0,0
611,29,1,-1,0,0,612,0,0,0
612,29,14,-1,1,0,626,0,0,0
613,28,-1,-1,1,0,0,0,0,0
614,27,37,-1,0,0,651,0,0,0
615,27,-1,3,0,0,0,637,0,0
616,27,1,-1,0,0,617,0,0,0
617,27,65,-1,1,0,682,0,0,0
618,26,9,-1,1,0,627,0,0,0
619,25,20,-1,0,0,0,0,1,0
620,25,24,-1,0,0,644,0,0,0
621,25,-1,5,0,0,0,637,0,0
622,25,-1,-1,0,0,0,0,0,0
623,25,-1,3,0,0,0,0,0,1
624,25,6,-1,0,0,630,0,0,0
625,25,2,-1,0,0,627,0,0,0
626,25,-1,3,1,0,0,637,0,0
627,24,0,-1,3,0,627,0,0,0
628,21,-1,5,0,0,0,637,0,0
629,21,-1,0,0,0,0,665,0,1
630,21,-1,17,1,0,0,665,0,0
631,20,-1,24,1,0,0,665,0,0
632,19,-1,74,0,0,0,721,0,0
633,19,-1,0,0,0,0,637,0,0
634,19,-1,0,0,0,0,637,0,0
635,19,2,-1,0,0,640,0,1,0
636,19,-1,-1,0,0,0,0,0,0
637,19,-1,2,19,19,0,665,0,0
638,0,-1,-1,0,0,0,0,0,0
639,0,2,-1,0,0,641,0,0,0
640,50,-1,4,1,0,0,665,0,0
641,49,3,-1,1,0,644,0,0,0
642,48,-1,-1,0,0,0,0,0,0
643,48,-1,-1,0,0,0,0,0,0
644,48,0,-1,3,0,644,0,0,0
645,45,0,-1,1,0,645,0,0,0
646,44,0,-1,1,0,646,0,0,0
647,43,10,-1,0,0,657,0,0,0
648,43,-1,22,0,0,0,693,0,0
649,43,-1,-1,0,0,0,0,0,0
650,43,13,-1,0,0,663,0,0,0
651,43,0,-1,2,0,651,0,0,0
652,41,-1,34,0,0,0,693,0,0
653,41,-1,0,0,0,0,665,0,0
654,41,-1,2,1,0,0,665,0,0
655,40,-1,8,0,0,0,665,0,0
656,40,46,-1,0,0,702,0,0,0
657,40,-1,25,1,0,0,693,0,0
658,39,3,-1,0,0,661,0,0,0
659,39,-1,0,0,0,0,665,0,0
660,39,-1,3,0,0,0,665,0,0
661,39,0,-1,2,0,661,0,0,0
662,37,-1,0,0,0,0,665,0,0
663,37,-1,-1,1,0,0,0,0,0
664,36,-1,10,1,0,0,693,0,0
665,35,22,-1,0,15,687,0,0,0
666,20,-1,-1,0,0,0,0,0,0
667,20,-1,2,0,0,0,693,0,0
668,20,-1,-1,0,0,0,0,0,0
669,20,-1,3,0,0,0,693,0,0
670,20,-1,0,1,0,0,693,0,0
671,19,-1,48,0,0,0,721,0,0
672,19,11,-1,0,0,683,0,0,0
673,19,4,-1,0,0,677,0,0,0
674,19,7,-1,0,0,681,0,0,0
675,19,0,-1,1,0,675,0,0,0
676,18,14,-1,0,0,690,0,0,0
677,18,-1,-1,1,0,0,0,0,0
678,17,-1,-1,0,0,0,0,0,0
679,17,-1,-1,0,0,0,0,0,0
680,50,-1,0,0,0,0,693,0,0
681,50,-1,2,1,0,0,693,0,0
682,49,2,-1,1,0,684,0,0,0
683,48,1,-1,2,0,684,0,0,0
684,46,3,-1,2,0,687,0,0,0
685,44,-1,0,0,0,0,693,0,0
686,44,-1,0,0,0,0,693,0,0
687,44,-1,-1,2,0,0,0,0,0
688,42,0,-1,1,0,688,0,0,0
689,41,-1,3,1,0,0,693,0,0
690,40,-1,0,1,0,0,693,0,0
691,39,-1,1,0,0,0,693,0,0
692,39,-1,0,0,0,0,693,0,0
693,39,1,-1,0,18,694,0,0,0
694,21,-1,-1,1,0,0,0,0,0
695,20,-1,-1,0,0,0,0,0,0
696,20,11,-1,0,0,707,0,0,0
697,20,4,-1,0,0,701,0,0,0
698,20,7,-1,0,0,705,0,0,0
699,20,-1,-1,0,0,0,0,0,0
700,20,-1,-1,0,0,0,0,0,0
701,20,-1,12,1,0,0,721,0,0
702,19,-1,-1,1,0,0,0,0,0
703,18,9,-1,0,0,712,0,0,0
704,18,10,-1,0,0,714,0,0,0
705,18,-1,1,1,0,0,721,0,0
706,17,-1,0,0,0,0,721,0,0
707,17,-1,-1,1,0,0,0,0,0
708,16,-1,0,0,0,0,721,0,0
709,16,-1,2,0,0,0,721,0,0
710,16,8,-1,0,0,718,0,0,0
711,16,-1,10,1,0,0,721,0,0
712,15,-1,8,1,0,0,721,0,0
713,14,-1,-1,0,0,0,0,0,0
714,14,-1,-1,1,0,0,0,0,0
715,13,-1,1,0,0,0,721,0,0
716,13,-1,0,0,0,0,721,0,0
717,13,-1,1,0,0,0,721,0,0
718,13,-1,0,1,0,0,721,0,0
719,12,1,-1,0,0,720,0,0,0
720,50,-1,7,2,0,0,0,0,0
721,48,6,-1,0,14,727,0,0,0
722,34,-1,-1,0,0,0,0,0,0
723,34,4,-1,0,0,727,0,0,0
724,34,1,-1,0,0,725,0,0,0
725,34,-1,-1,1,0,0,0,0,0
726,33,1,-1,0,0,727,0,0,0
727,33,-1,-1,3,0,0,0,0,0
728,30,-1,-1,0,0,0,0,0,0
729,30,-1,-1,0,0,0,0,0,0
