,starting_capacity,choice_delay_phc,choice_delay_ss,demand_served_phc,demand_served_ss,demand_fulfilled_dates_phc,demand_fulfilled_dates_ss,bad_experience_phc,bad_experience_ss
0,50,4,-1,0,0,4,0,0,0
1,50,7,-1,0,0,8,0,0,0
2,50,0,-1,1,0,2,0,0,0
3,49,120,-1,0,0,123,0,0,0
4,49,-1,53,1,0,0,77,0,0
5,48,1,-1,0,0,6,0,0,0
6,48,-1,16,1,0,0,49,0,0
7,47,-1,18,0,0,0,49,0,0
8,47,-1,2,1,0,0,21,0,0
9,46,-1,0,0,0,0,21,0,0
10,46,-1,3,0,0,0,21,0,0
11,46,-1,54,0,0,0,77,0,0
12,46,-1,2,0,0,0,21,0,0
13,46,-1,0,0,0,0,21,0,0
14,46,-1,4,0,0,0,21,0,0
15,46,-1,1,0,0,0,21,0,0
16,46,-1,0,0,0,0,21,0,0
17,46,-1,7,0,0,0,49,0,0
18,46,-1,2,0,0,0,21,0,0
19,46,0,-1,1,0,19,0,0,0
20,45,0,-1,1,0,20,0,0,0
21,44,15,-1,0,9,36,0,0,0
22,35,416,-1,0,0,0,693,1,0
23,35,0,-1,1,0,23,0,0,0
24,34,-1,-1,0,0,0,0,0,0
25,34,-1,53,0,0,0,105,0,0
26,34,12,-1,0,0,38,0,0,0
27,34,0,-1,1,0,27,0,0,0
28,33,-1,0,0,0,0,49,0,0
29,33,0,-1,1,0,29,0,0,0
30,32,24,-1,0,0,54,0,0,0
31,32,-1,91,0,0,0,133,0,0
32,32,13,-1,0,0,45,0,0,0
33,32,3,-1,0,0,36,0,0,0
34,32,-1,0,0,0,0,49,0,0
35,32,-1,19,0,0,0,77,0,0
36,32,28,-1,2,0,64,0,0,0
37,30,31,-1,0,0,68,0,0,0
38,30,46,-1,1,0,84,0,0,0
39,29,0,-1,1,0,39,0,0,0
40,50,-1,10,0,0,0,77,0,0
41,50,-1,0,0,0,0,49,0,0
42,50,-1,2,0,0,0,49,0,0
43,50,0,-1,1,0,43,0,0,0
44,49,-1,0,0,0,0,49,0,0
45,49,-1,3,1,0,0,49,0,0
46,48,-1,34,0,0,0,105,0,0
47,48,-1,0,0,0,0,49,0,0
48,48,-1,13,0,0,0,77,0,0
49,48,-1,-1,0,10,0,0,0,0
50,38,24,-1,0,0,74,0,0,0
51,38,216,-1,0,0,267,0,0,0
52,38,-1,-1,0,0,0,0,0,0
53,38,-1,92,0,0,0,161,0,0
54,38,0,-1,2,0,54,0,0,0
55,36,2,-1,0,0,57,0,0,0
56,36,0,-1,1,0,56,0,0,0
57,35,-1,-1,1,0,0,0,0,0
58,34,1,-1,0,0,59,0,0,0
59,34,1,-1,1,0,60,0,0,0
60,33,67,-1,1,0,127,0,0,0
61,32,-1,73,0,0,0,161,0,0
62,32,27,-1,0,0,89,0,0,0
63,32,30,-1,0,0,93,0,0,0
64,32,8,-1,1,0,72,0,0,0
65,31,-1,10,0,0,0,77,0,0
66,31,2,-1,0,0,68,0,0,0
67,31,1,-1,0,0,68,0,0,0
68,31,6,-1,3,0,74,0,0,0
69,28,-1,1,0,0,0,77,0,0
70,28,-1,0,0,0,0,77,0,0
71,28,-1,43,0,0,0,133,0,0
72,28,-1,0,1,0,0,77,0,0
73,27,-1,0,0,0,0,77,0,0
74,27,-1,3,2,0,0,77,0,0
75,25,-1,8,0,0,0,105,0,0
76,25,-1,0,0,0,0,77,0,0
77,25,2,-1,0,12,79,0,0,0
78,13,198,-1,0,0,276,0,0,0
79,13,22,-1,1,0,101,0,0,0
80,50,0,-1,1,0,80,0,0,0
81,49,-1,8,0,0,0,105,0,0
82,49,-1,5,0,0,0,105,0,0
83,49,-1,4,0,0,0,105,0,0
84,49,9,-1,1,0,93,0,0,0
85,48,401,-1,0,0,486,0,0,0
86,48,0,-1,1,0,86,0,0,0
87,47,-1,82,0,0,233,0,0,1
88,47,0,-1,1,0,88,0,0,0
89,46,-1,-1,1,0,0,0,0,0
90,45,-1,242,0,0,0,357,0,0
91,45,-1,66,0,0,0,161,0,0
92,45,100,-1,0,0,0,0,1,0
93,45,9,-1,2,0,102,0,0,0
94,43,15,-1,0,0,109,0,0,0
95,43,-1,15,0,0,0,133,0,0
96,43,-1,0,0,0,0,105,0,0
97,43,-1,4,0,0,0,105,0,0
98,43,-1,0,0,0,0,105,0,0
99,43,-1,-1,0,0,0,0,0,0
100,43,-1,10,0,0,0,133,0,0
101,43,117,-1,1,0,218,0,0,0
102,42,-1,2,1,0,0,105,0,0
103,41,-1,0,0,0,0,105,0,0
104,41,-1,1,0,0,0,105,0,0
105,41,64,-1,0,12,169,0,0,0
106,29,581,-1,0,0,687,0,0,0
107,29,-1,-1,0,0,0,0,0,0
108,29,-1,304,0,0,0,413,0,0
109,29,-1,-1,1,0,0,0,0,0
110,28,-1,9,0,0,0,133,0,0
111,28,0,-1,1,0,111,0,0,0
112,27,1,-1,0,0,113,0,0,0
113,27,1,-1,1,0,114,0,0,0
114,26,26,-1,1,0,140,0,0,0
115,25,15,-1,0,0,130,0,0,0
116,25,-1,2,0,0,0,133,0,0
117,25,3,-1,0,0,120,0,0,0
118,25,2,-1,0,0,120,0,0,0
119,25,-1,6,0,0,0,133,0,0
120,50,5,-1,2,0,125,0,0,0
121,48,1,-1,0,0,122,0,0,0
122,48,-1,0,1,0,0,133,0,0
123,47,-1,1,1,0,0,133,0,0
124,46,-1,-1,0,0,0,0,0,0
125,46,-1,10,1,0,0,161,0,0
126,45,-1,13,0,0,0,161,0,0
127,45,11,-1,1,0,138,0,0,0
128,44,-1,0,0,0,0,133,0,0
129,44,-1,0,0,0,0,133,0,0
130,44,-1,0,1,0,0,133,0,0
131,43,-1,1,0,0,0,133,0,0
132,43,-1,2,0,0,0,161,0,0
133,43,88,-1,0,13,221,0,0,0
134,30,0,-1,1,0,134,0,0,0
135,29,191,-1,0,0,326,0,0,0
136,29,267,-1,0,0,403,0,0,0
137,29,280,-1,0,0,417,0,0,0
138,29,-1,367,1,0,0,525,0,0
139,28,-1,23,0,0,282,0,0,1
140,28,1,-1,1,0,141,0,0,0
141,27,2,-1,1,0,143,0,0,0
142,26,-1,-1,0,0,0,0,0,0
143,26,3,-1,1,0,146,0,0,0
144,25,-1,1,0,0,0,161,0,0
145,25,-1,1,0,0,0,161,0,0
146,25,6,-1,1,0,152,0,0,0
147,24,9,-1,0,0,156,0,0,0
148,24,223,-1,0,0,0,0,1,0
149,24,398,-1,0,0,547,0,0,0
150,24,-1,2,0,0,0,161,0,0
151,24,-1,97,0,0,0,273,0,0
152,24,-1,3,1,0,0,161,0,0
153,23,5,-1,0,0,158,0,0,0
154,23,-1,-1,0,0,0,0,0,0
155,23,-1,0,0,0,0,161,0,0
156,23,-1,0,1,0,0,161,0,0
157,22,-1,8,0,0,0,217,0,1
158,22,-1,0,1,0,0,161,0,0
159,21,-1,4,0,0,224,0,0,1
160,21,-1,6,0,0,0,217,0,1
161,21,-1,190,0,13,0,357,0,0
162,8,310,-1,0,0,472,0,0,0
163,8,-1,-1,0,0,0,0,0,0
164,8,125,-1,0,0,289,0,0,0
165,8,0,-1,1,0,165,0,0,0
166,7,9,-1,0,0,175,0,0,0
167,7,4,-1,0,0,171,0,0,0
168,7,-1,5,0,0,0,217,1,1
169,7,0,-1,2,0,169,0,0,0
170,5,-1,1,0,0,0,217,0,1
171,5,-1,17,1,0,0,217,0,1
172,4,6,-1,0,0,178,0,0,0
173,4,5,-1,0,0,178,0,0,0
174,4,13,-1,0,0,206,0,1,0
175,4,-1,14,1,0,254,0,1,1
176,3,-1,0,0,0,0,217,0,1
177,3,61,-1,0,0,238,0,0,0
178,3,0,-1,3,0,178,0,0,0
179,0,16,-1,0,0,275,0,1,0
180,0,-1,1,0,0,204,0,1,1
181,0,-1,5,0,0,200,0,0,1
182,0,-1,1,0,0,0,217,1,1
183,0,-1,1,0,0,0,217,0,1
184,0,-1,1,0,0,0,217,0,1
185,0,-1,2,0,0,0,217,1,1
186,0,-1,0,0,0,0,217,0,1
187,0,-1,-1,0,0,0,0,0,0
188,0,-1,0,0,0,0,217,0,1
189,0,0,-1,0,0,219,0,1,0
190,0,2,-1,0,0,204,0,1,0
191,0,23,-1,0,0,214,0,0,0
192,0,1,-1,0,0,200,0,1,0
193,0,27,-1,0,0,220,0,0,0
194,0,68,-1,0,0,262,0,0,0
195,0,-1,-1,0,0,0,0,0,0
196,0,2,-1,0,0,343,0,1,0
197,0,28,-1,0,0,225,0,0,0
198,0,5,-1,0,0,203,0,0,0
199,0,51,-1,0,0,250,0,0,0
200,50,3,-1,2,0,203,0,0,0
201,48,3,-1,0,0,204,0,0,0
202,48,-1,24,0,0,0,245,0,0
203,48,211,-1,2,0,414,0,0,0
204,46,2,-1,3,0,206,0,0,0
205,43,-1,8,0,0,0,217,0,0
206,43,-1,1,2,0,0,217,0,0
207,41,10,-1,0,0,217,0,0,0
208,41,3,-1,0,0,211,0,0,0
209,41,-1,5,0,0,0,217,0,0
210,41,-1,0,0,0,0,217,0,0
211,41,-1,4,1,0,0,217,0,0
212,40,-1,0,0,0,0,217,0,0
213,40,-1,0,0,0,0,217,0,0
214,40,-1,0,1,0,0,217,0,0
215,39,-1,1,0,0,0,217,0,0
216,39,-1,125,0,0,0,357,0,0
217,39,-1,170,1,21,0,413,0,0
218,17,65,-1,1,0,283,0,0,0
219,16,16,-1,1,0,235,0,0,0
220,15,16,-1,1,0,236,0,0,0
221,14,0,-1,2,0,221,0,0,0
222,12,1,-1,0,0,223,0,0,0
223,12,46,-1,1,0,269,0,0,0
224,11,9,-1,1,0,233,0,0,0
225,10,-1,26,1,0,0,273,0,0
226,9,-1,0,0,0,0,245,0,0
227,9,1,-1,0,0,228,0,0,0
228,9,-1,57,1,0,0,301,0,0
229,8,0,-1,1,0,229,0,0,0
230,7,42,-1,0,0,272,0,0,0
231,7,35,-1,0,0,266,0,0,0
232,7,-1,4,0,0,0,245,0,0
233,7,-1,27,2,0,0,273,0,0
234,5,-1,0,0,0,0,245,0,0
235,5,-1,111,1,0,0,357,0,0
236,4,-1,4,1,0,0,245,0,0
237,3,-1,0,0,0,0,245,0,0
238,3,-1,25,1,0,0,273,0,0
239,2,11,-1,0,0,250,0,0,0
240,50,-1,4,0,0,0,245,0,0
241,50,-1,32,0,0,0,273,0,0
242,50,-1,1,0,0,0,245,0,0
243,50,-1,0,0,0,0,245,0,0
244,50,3,-1,0,0,247,0,0,0
245,50,-1,-1,0,9,0,0,0,0
246,41,1,-1,0,0,247,0,0,0
247,41,2,-1,2,0,249,0,0,0
248,39,0,-1,1,0,248,0,0,0
249,38,17,-1,1,0,266,0,0,0
250,37,-1,2,2,0,0,273,0,0
251,35,1,-1,0,0,252,0,0,0
252,35,16,-1,1,0,268,0,0,0
253,34,44,-1,0,0,297,0,0,0
254,34,-1,-1,1,0,0,0,0,0
255,33,7,-1,0,0,262,0,0,0
256,33,3,-1,0,0,259,0,0,0
257,33,15,-1,0,0,272,0,0,0
258,33,-1,217,0,0,0,497,0,0
259,33,0,-1,2,0,259,0,0,0
260,31,-1,86,0,0,0,357,0,0
261,31,-1,20,0,0,0,301,0,0
262,31,-1,0,2,0,0,273,0,0
263,29,-1,-1,0,0,0,0,0,0
264,29,1,-1,0,0,265,0,0,0
265,29,-1,25,1,0,0,301,0,0
266,28,-1,9,2,0,0,301,0,0
267,26,-1,12,1,0,0,301,0,0
268,25,-1,2,1,0,0,273,0,0
269,24,-1,0,1,0,0,273,0,0
270,23,-1,1,0,0,0,273,0,0
271,23,-1,1,0,0,0,273,0,0
272,23,10,-1,2,0,282,0,0,0
273,21,-1,36,0,11,0,329,0,0
274,10,2,-1,0,0,276,0,0,0
275,10,33,-1,1,0,308,0,0,0
276,9,352,-1,2,0,628,0,0,0
277,7,165,-1,0,0,442,0,0,0
278,7,1,-1,0,0,279,0,0,0
279,7,-1,37,1,0,0,329,0,0
280,50,12,-1,0,0,292,0,0,0
281,50,9,-1,0,0,290,0,0,0
282,50,-1,-1,2,0,0,0,0,0
283,48,-1,-1,1,0,0,0,0,0
284,47,0,-1,1,0,284,0,0,0
285,46,-1,11,0,0,0,301,0,0
286,46,6,-1,0,0,292,0,0,0
287,46,-1,-1,0,0,0,0,0,0
288,46,-1,36,0,0,0,329,0,0
289,46,9,-1,1,0,298,0,0,0
290,45,3,-1,1,0,293,0,0,0
291,44,5,-1,0,0,296,0,0,0
292,44,18,-1,2,0,310,0,0,0
293,42,-1,3,1,0,0,301,0,0
294,41,3,-1,0,0,297,0,0,0
295,41,-1,1,0,0,0,301,0,0
296,41,10,-1,1,0,306,0,0,0
297,40,0,-1,3,0,297,0,0,0
298,37,-1,0,1,0,0,301,0,0
299,36,-1,0,0,0,0,301,0,0
300,36,-1,0,0,0,0,301,0,0
301,36,28,-1,0,11,329,0,0,0
302,25,26,-1,0,0,328,0,0,0
303,25,0,-1,1,0,303,0,0,0
304,24,29,-1,0,0,333,0,0,0
305,24,2,-1,0,0,307,0,0,0
306,24,12,-1,1,0,318,0,0,0
307,23,368,-1,1,0,675,0,0,0
308,22,-1,-1,1,0,0,0,0,0
309,21,45,-1,0,0,354,0,0,0
310,21,15,-1,1,0,325,0,0,0
311,20,3,-1,0,0,314,0,0,0
312,20,-1,-1,0,0,0,0,0,0
313,20,-1,16,0,0,0,329,0,0
314,20,-1,16,1,0,0,357,0,0
315,19,-1,1,0,0,0,329,0,0
316,19,-1,0,0,0,0,329,0,0
317,19,-1,-1,0,0,0,0,0,0
318,19,-1,-1,1,0,0,0,0,0
319,18,0,-1,1,0,319,0,0,0
320,50,-1,12,0,0,0,357,0,0
321,50,-1,0,0,0,0,329,0,0
322,50,-1,31,0,0,0,357,0,0
323,50,3,-1,0,0,326,0,0,0
324,50,-1,1,0,0,0,329,0,0
325,50,-1,0,1,0,0,329,0,0
326,49,-1,0,2,0,0,329,0,0
327,47,-1,0,0,0,0,329,0,0
328,47,-1,3,1,0,0,357,0,0
329,46,5,-1,1,11,334,0,0,0
330,34,13,-1,0,0,343,0,0,0
331,34,78,-1,0,0,409,0,0,0
332,34,-1,12,0,0,0,357,0,0
333,34,-1,-1,1,0,0,0,0,0
334,33,-1,0,1,0,0,357,0,0
335,32,90,-1,0,0,425,0,0,0
336,32,29,-1,0,0,365,0,0,0
337,32,7,-1,0,0,344,0,0,0
338,32,-1,6,0,0,0,357,0,0
339,32,0,-1,1,0,339,0,0,0
340,31,46,-1,0,0,0,0,1,0
341,31,-1,4,0,0,0,357,0,0
342,31,-1,-1,0,0,0,0,0,0
343,31,-1,4,2,0,0,357,0,0
344,29,-1,31,1,0,0,525,0,1
345,28,-1,-1,0,0,0,0,0,0
346,28,33,-1,0,0,454,0,1,0
347,28,-1,15,0,0,403,0,0,1
348,28,2,-1,0,0,350,0,0,0
349,28,0,-1,1,0,349,0,0,0
350,27,1,-1,1,0,351,0,0,0
351,26,-1,1,1,0,0,357,0,0
352,25,-1,3,0,0,0,357,0,0
353,25,-1,0,0,0,0,357,0,0
354,25,1,-1,1,0,355,0,0,0
355,24,-1,2,1,0,0,357,0,0
356,23,-1,0,0,0,0,357,0,0
357,23,38,-1,0,19,418,0,1,0
358,4,-1,27,0,0,403,0,0,1
359,4,307,-1,0,0,666,0,0,0
360,4,0,-1,1,0,360,0,0,0
361,3,208,-1,0,0,569,0,0,0
362,3,-1,-1,0,0,0,0,0,0
363,3,1,-1,0,0,364,0,0,0
364,3,3,-1,1,0,367,0,0,0
365,2,25,-1,1,0,0,413,1,0
366,1,12,-1,0,0,0,413,1,0
367,1,-1,0,1,0,0,441,0,1
368,0,-1,-1,0,0,0,0,0,0
369,0,-1,4,0,0,0,413,0,1
370,0,1,-1,0,0,0,413,1,1
371,0,0,-1,0,0,404,0,1,0
372,0,234,-1,0,0,606,0,0,0
373,0,-1,3,0,0,0,413,0,1
374,0,-1,-1,0,0,0,0,0,0
375,0,2,-1,0,0,0,413,1,0
376,0,-1,8,0,0,0,413,0,1
377,0,33,-1,0,0,410,0,0,0
378,0,-1,1,0,0,0,413,0,1
379,0,-1,1,0,0,0,413,1,1
380,0,-1,0,0,0,0,413,0,1
381,0,-1,10,0,0,0,413,0,0
382,0,-1,14,0,0,0,413,0,0
383,0,-1,0,0,0,0,413,0,1
384,0,-1,87,0,0,0,497,0,0
385,0,9,-1,0,0,0,413,1,0
386,0,38,-1,0,0,424,0,0,0
387,0,13,-1,0,0,400,0,0,0
388,0,6,-1,0,0,404,0,1,0
389,0,15,-1,0,0,404,0,0,0
390,0,1,-1,0,0,443,0,1,0
391,0,-1,15,0,0,0,413,0,0
392,0,1,-1,0,0,402,0,1,0
393,0,0,-1,0,0,400,0,1,0
394,0,-1,7,0,0,0,413,0,0
395,0,2,-1,0,0,400,0,1,0
396,0,2,-1,0,0,401,0,1,0
397,0,31,-1,0,0,577,0,1,0
398,0,269,-1,0,0,667,0,0,0
399,0,24,-1,0,0,423,0,0,0
400,50,3,-1,3,0,403,0,0,0
401,47,3,-1,1,0,404,0,0,0
402,46,111,-1,1,0,513,0,0,0
403,45,92,-1,4,0,495,0,0,0
404,41,0,-1,5,0,404,0,0,0
405,36,-1,-1,0,0,0,0,0,0
406,36,-1,25,0,0,0,441,0,0
407,36,1,-1,0,0,408,0,0,0
408,36,-1,0,1,0,0,413,0,0
409,35,102,-1,1,0,511,0,0,0
410,34,11,-1,1,0,421,0,0,0
411,33,-1,3,0,0,0,441,0,0
412,33,0,-1,1,0,412,0,0,0
413,32,-1,27,0,19,0,441,0,0
414,13,2,-1,1,0,416,0,0,0
415,12,0,-1,1,0,415,0,0,0
416,11,-1,-1,1,0,0,0,0,0
417,10,0,-1,2,0,417,0,0,0
418,8,-1,-1,1,0,0,0,0,0
419,7,4,-1,0,0,423,0,0,0
420,7,-1,23,0,0,0,469,0,0
421,7,3,-1,1,0,424,0,0,0
422,6,2,-1,0,0,424,0,0,0
423,6,-1,5,2,0,0,441,0,0
424,4,-1,1,3,0,0,441,0,0
425,1,-1,0,1,0,0,441,0,0
426,0,0,-1,0,0,443,0,1,0
427,0,-1,4,0,0,0,441,0,0
428,0,31,-1,0,0,459,0,0,0
429,0,3,-1,0,0,0,441,1,0
430,0,-1,4,0,0,0,441,0,0
431,0,4,-1,0,0,444,0,1,0
432,0,-1,110,0,0,0,553,0,0
433,0,-1,32,0,0,0,469,0,0
434,0,-1,9,0,0,0,469,0,0
435,0,-1,5,0,0,0,441,0,0
436,0,2,-1,0,0,0,469,1,0
437,0,-1,-1,0,0,0,0,0,0
438,0,-1,1,0,0,0,441,0,0
439,0,-1,0,0,0,0,441,0,0
440,50,-1,0,0,0,0,441,0,0
441,50,1,-1,0,14,442,0,0,0
442,36,1,-1,2,0,443,0,0,0
443,34,0,-1,4,0,443,0,0,0
444,30,-1,274,1,0,0,721,0,0
445,29,56,-1,0,0,501,0,0,0
446,29,141,-1,0,0,0,609,1,0
447,29,-1,-1,0,0,0,0,0,0
448,29,-1,10,0,0,0,469,0,0
449,29,3,-1,0,0,452,0,0,0
450,29,-1,2,0,0,0,469,0,0
451,29,-1,1,0,0,0,469,0,0
452,29,2,-1,1,0,454,0,0,0
453,28,-1,1,0,0,0,469,0,0
454,28,59,-1,2,0,513,0,0,0
455,26,-1,4,0,0,0,469,0,0
456,26,6,-1,0,0,462,0,0,0
457,26,0,-1,1,0,457,0,0,0
458,25,-1,1,0,0,0,469,0,0
459,25,-1,-1,1,0,0,0,0,0
460,24,10,-1,0,0,470,0,0,0
461,24,-1,1,0,0,0,469,0,0
462,24,0,-1,2,0,462,0,0,0
463,22,-1,1,0,0,0,469,0,0
464,22,-1,-1,0,0,0,0,0,0
465,22,-1,5,0,0,0,497,0,0
466,22,-1,0,0,0,0,469,0,0
467,22,-1,0,0,0,0,469,0,0
468,22,-1,2,0,0,0,497,0,0
469,22,219,-1,0,14,688,0,0,0
470,8,5,-1,1,0,475,0,0,0
471,7,87,-1,0,0,558,0,0,0
472,7,-1,-1,1,0,0,0,0,0
473,6,61,-1,0,0,534,0,0,0
474,6,15,-1,0,0,489,0,0,0
475,6,24,-1,1,0,499,0,0,0
476,5,90,-1,0,0,566,0,0,0
477,5,5,-1,0,0,482,0,0,0
478,5,-1,3,0,0,0,497,0,0
479,5,-1,18,0,0,0,497,0,0
480,50,-1,231,0,0,0,721,0,0
481,50,248,-1,0,0,729,0,0,0
482,50,2,-1,1,0,484,0,0,0
483,49,17,-1,0,0,500,0,0,0
484,49,0,-1,2,0,484,0,0,0
485,47,-1,1,0,0,0,497,0,0
486,47,-1,86,1,0,0,581,0,0
487,46,-1,3,0,0,0,497,0,0
488,46,0,-1,1,0,488,0,0,0
489,45,1,-1,1,0,490,0,0,0
490,44,-1,1,1,0,0,497,0,0
491,43,-1,157,0,0,0,665,0,0
492,43,-1,0,0,0,0,497,0,0
493,43,-1,77,0,0,0,0,0,1
494,43,-1,0,0,0,0,497,0,0
495,43,-1,0,1,0,0,497,0,0
496,42,-1,15,0,0,0,525,0,0
497,42,128,-1,0,12,625,0,0,0
498,30,21,-1,0,0,519,0,0,0
499,30,-1,-1,1,0,0,0,0,0
500,29,-1,78,1,0,0,581,0,0
501,28,4,-1,1,0,505,0,0,0
502,27,0,-1,1,0,502,0,0,0
503,26,9,-1,0,0,512,0,0,0
504,26,3,-1,0,0,507,0,0,0
505,26,-1,-1,1,0,0,0,0,0
506,25,0,-1,1,0,506,0,0,0
507,24,2,-1,1,0,509,0,0,0
508,23,0,-1,1,0,508,0,0,0
509,22,-1,1,1,0,0,525,0,0
510,21,90,-1,0,0,600,0,0,0
511,21,-1,-1,1,0,0,0,0,0
512,20,18,-1,1,0,530,0,0,0
513,19,-1,-1,2,0,0,0,0,0
514,17,-1,18,0,0,0,553,0,0
515,17,-1,20,0,0,0,553,0,0
516,17,-1,120,0,0,0,637,0,0
517,17,-1,17,0,0,0,553,0,0
518,17,-1,8,0,0,0,553,0,0
519,17,-1,11,1,0,0,553,0,0
520,50,-1,49,0,0,0,609,0,1
521,50,-1,0,0,0,0,525,0,0
522,50,11,-1,0,0,533,0,0,0
523,50,-1,17,0,0,0,553,0,0
524,50,-1,2,0,0,0,553,0,0
525,50,9,-1,0,5,534,0,0,0
526,45,67,-1,0,0,0,0,1,0
527,45,4,-1,0,0,531,0,0,0
528,45,-1,-1,0,0,0,0,0,0
529,45,42,-1,0,0,571,0,0,0
530,45,-1,118,1,0,0,665,0,0
531,44,4,-1,1,0,535,0,0,0
532,43,-1,-1,0,0,0,0,0,0
533,43,-1,-1,1,0,0,0,0,0
534,42,-1,-1,2,0,0,0,0,0
535,40,1,-1,1,0,536,0,0,0
536,39,-1,1,1,0,0,553,0,0
537,38,-1,1,0,0,0,553,0,0
538,38,1,-1,0,0,539,0,0,0
539,38,-1,1,1,0,0,553,0,0
540,37,109,-1,0,0,649,0,0,0
541,37,-1,2,0,0,0,553,0,0
542,37,6,-1,0,0,548,0,0,0
543,37,3,-1,0,0,546,0,0,0
544,37,-1,11,0,0,622,0,1,1
545,37,11,-1,0,0,556,0,0,0
546,37,-1,0,1,0,0,553,0,0
547,36,-1,0,1,0,0,553,0,0
548,35,-1,5,1,0,0,553,0,0
549,34,1,-1,0,0,550,0,0,0
550,34,-1,45,1,0,0,609,0,0
551,33,-1,50,0,0,0,609,0,0
552,33,4,-1,0,0,556,0,0,0
553,33,0,-1,1,15,553,0,0,0
554,17,-1,-1,0,0,0,0,0,0
555,17,0,-1,1,0,555,0,0,0
556,16,-1,-1,2,0,0,0,0,0
557,14,-1,152,0,0,0,721,0,0
558,14,-1,0,1,0,0,609,1,1
559,13,0,-1,1,0,559,0,0,0
560,12,-1,-1,0,0,0,0,0,0
561,12,-1,2,0,0,0,609,1,1
562,12,52,-1,0,0,614,0,0,0
563,12,-1,-1,0,0,0,0,0,0
564,12,-1,47,0,0,683,0,0,1
565,12,23,-1,0,0,674,0,1,0
566,12,4,-1,1,0,570,0,0,0
567,11,14,-1,0,0,602,0,1,0
568,11,0,-1,1,0,568,0,0,0
569,10,-1,39,1,0,0,609,0,0
570,9,3,-1,1,0,573,0,0,0
571,8,-1,2,1,0,644,0,0,1
572,7,-1,6,0,0,0,581,0,0
573,7,-1,17,1,0,0,609,0,0
574,6,-1,1,0,0,0,609,1,1
575,6,-1,27,0,0,0,609,0,0
576,6,0,-1,1,0,576,0,0,0
577,5,-1,2,1,0,0,609,1,1
578,4,6,-1,0,0,0,609,1,0
579,4,-1,1,0,0,0,581,0,0
580,4,-1,0,0,0,0,609,1,1
581,4,9,-1,4,4,606,0,1,0
582,0,2,-1,0,0,601,0,1,0
583,0,-1,-1,0,0,0,0,0,0
584,0,21,-1,0,0,605,0,0,0
585,0,-1,2,0,0,0,609,0,0
586,0,6,-1,0,0,0,0,1,1
587,0,9,-1,0,0,603,0,1,0
588,0,6,-1,0,0,606,0,1,0
589,0,0,-1,0,0,600,0,1,0
590,0,0,-1,0,0,0,609,1,0
591,0,-1,-1,0,0,0,0,0,0
592,0,0,-1,0,0,0,609,1,0
593,0,0,-1,0,0,600,0,1,0
594,0,-1,-1,0,0,0,0,0,0
595,0,24,-1,0,0,619,0,0,0
596,0,2,-1,0,0,613,0,1,0
597,0,0,-1,0,0,601,0,1,0
598,0,-1,49,0,0,0,665,0,0
599,0,-1,104,0,0,0,721,0,0
600,50,0,-1,4,0,600,0,0,0
601,46,22,-1,2,0,623,0,0,0
602,44,17,-1,1,0,619,0,0,0
603,43,-1,10,1,0,698,0,0,1
604,42,-1,4,0,0,0,609,0,0
605,42,-1,0,1,0,0,609,0,0
606,41,-1,2,3,0,0,609,0,0
607,38,-1,0,0,0,0,609,0,0
608,38,-1,-1,0,0,0,0,0,0
609,38,-1,-1,0,20,0,0,0,0
610,18,1,-1,0,0,611,0,0,0
611,18,5,-1,1,0,616,0,0,0
612,17,-1,-1,0,0,0,0,0,0
613,17,-1,-1,1,0,0,0,0,0
614,16,-1,-1,1,0,0,0,0,0
615,15,-1,31,0,0,0,665,0,0
616,15,-1,12,1,0,664,0,1,1
617,14,-1,-1,0,0,0,0,0,0
618,14,52,-1,0,0,670,0,0,0
619,14,-1,61,2,0,0,693,0,0
620,12,2,-1,0,0,622,0,0,0
621,12,0,-1,1,0,621,0,0,0
622,11,-1,-1,2,0,0,0,0,0
623,9,11,-1,1,0,634,0,0,0
624,8,-1,1,0,0,641,0,0,1
625,8,1,-1,1,0,626,0,0,0
626,7,-1,0,1,0,0,665,0,1
627,6,-1,19,0,0,0,665,0,0
628,6,2,-1,1,0,630,0,0,0
629,5,0,-1,1,0,629,0,0,0
630,4,-1,1,1,0,0,665,0,1
631,3,0,-1,1,0,631,0,0,0
632,2,-1,4,0,0,0,665,0,1
633,2,-1,6,0,0,0,665,0,0
634,2,-1,8,1,0,0,665,0,0
635,1,-1,2,0,0,0,665,0,1
636,1,-1,1,0,0,0,665,0,1
637,1,5,-1,0,1,642,0,0,0
638,0,-1,-1,0,0,0,0,0,0
639,0,-1,-1,0,0,0,0,0,0
640,50,4,-1,0,0,644,0,0,0
641,50,23,-1,1,0,664,0,0,0
642,49,-1,-1,1,0,0,0,0,0
643,48,0,-1,1,0,643,0,0,0
644,47,-1,0,2,0,0,665,0,0
645,45,-1,30,0,0,0,693,0,0
646,45,12,-1,0,0,658,0,0,0
647,45,-1,41,0,0,0,693,0,0
648,45,7,-1,0,0,655,0,0,0
649,45,-1,40,1,0,0,693,0,0
650,44,-1,34,0,0,0,693,0,0
651,44,-1,1,0,0,0,665,0,0
652,44,-1,9,0,0,0,665,0,0
653,44,-1,-1,0,0,0,0,0,0
654,44,-1,0,0,0,0,665,0,0
655,44,0,-1,2,0,655,0,0,0
656,42,-1,0,0,0,0,665,0,0
657,42,0,-1,1,0,657,0,0,0
658,41,-1,0,1,0,0,665,0,0
659,40,0,-1,1,0,659,0,0,0
660,39,-1,6,0,0,0,693,0,0
661,39,-1,0,0,0,0,665,0,0
662,39,-1,0,0,0,0,665,0,0
663,39,-1,-1,0,0,0,0,0,0
664,39,-1,17,2,0,0,693,0,0
665,37,0,-1,1,20,665,0,0,0
666,16,-1,-1,1,0,0,0,0,0
667,15,4,-1,1,0,671,0,0,0
668,14,25,-1,0,0,693,0,0,0
669,14,27,-1,0,0,696,0,0,0
670,14,-1,-1,1,0,0,0,0,0
671,13,-1,-1,1,0,0,0,0,0
672,12,-1,-1,0,0,0,0,0,0
673,12,31,-1,0,0,704,0,0,0
674,12,0,-1,2,0,674,0,0,0
675,10,-1,7,1,0,0,693,0,0
676,9,-1,8,0,0,0,693,0,0
677,9,0,-1,1,0,677,0,0,0
678,8,-1,1,0,0,0,693,0,0
679,8,0,-1,1,0,679,0,0,0
680,50,25,-1,0,0,705,0,0,0
681,50,-1,-1,0,0,0,0,0,0
682,50,-1,-1,0,0,0,0,0,0
683,50,-1,16,1,0,0,721,0,0
684,49,30,-1,0,0,714,0,0,0
685,49,0,-1,1,0,685,0,0,0
686,48,-1,6,0,0,0,693,0,0
687,48,-1,1,1,0,0,693,0,0
688,47,0,-1,2,0,688,0,0,0
689,45,1,-1,0,0,690,0,0,0
690,45,-1,0,1,0,0,693,0,0
691,44,-1,1,0,0,0,693,0,0
692,44,-1,-1,0,0,0,0,0,0
693,44,5,-1,1,15,698,0,0,0
694,28,-1,-1,0,0,0,0,0,0
695,28,13,-1,0,0,708,0,0,0
696,28,0,-1,2,0,696,0,0,0
697,26,13,-1,0,0,710,0,0,0
698,26,-1,3,2,0,0,721,0,0
699,24,2,-1,0,0,701,0,0,0
700,24,-1,-1,0,0,0,0,0,0
701,24,-1,-1,1,0,0,0,0,0
702,23,-1,7,0,0,0,721,0,0
703,23,-1,-1,0,0,0,0,0,0
704,23,-1,-1,1,0,0,0,0,0
705,22,-1,-1,1,0,0,0,0,0
706,21,-1,-1,0,0,0,0,0,0
707,21,-1,7,0,0,0,721,0,0
708,21,-1,2,1,0,0,721,0,0
709,20,-1,-1,0,0,0,0,0,0
710,20,-1,-1,1,0,0,0,0,0
711,19,-1,0,0,0,0,721,0,0
712,19,0,-1,1,0,712,0,0,0
713,18,12,-1,0,0,725,0,0,0
714,18,-1,2,1,0,0,721,0,0
715,17,-1,4,0,0,0,721,0,0
716,17,0,-1,1,0,716,0,0,0
717,16,-1,-1,0,0,0,0,0,0
718,16,-1,0,0,0,0,721,0,0
719,16,1,-1,0,0,720,0,0,0
720,50,-1,1,1,0,0,721,0,0
721,49,7,-1,0,14,728,0,0,0
722,35,-1,-1,0,0,0,0,0,0
723,35,-1,-1,0,0,0,0,0,0
724,35,2,-1,0,0,726,0,0,0
725,35,-1,-1,1,0,0,0,0,0
726,34,-1,-1,1,0,0,0,0,0
727,33,-1,-1,0,0,0,0,0,0
728,33,-1,-1,1,0,0,0,0,0
729,32,-1,0,1,0,0,0,0,0
